{
	"HELP_DESC": "смена PORN для авто-гена (только для особенных чудиков)",
	"TYPES": {
		"string": "пук (обыкновенный)",
		"dialog": "пук (особенный)",
		"bugurt": "отрыжка",
		"rage": "смешнявка",
		"demotivator": "демотиватор",
		"jacque": "загадка жака фреско",
		"lobster": "ржачный текст с шрифтом Lobster",
		"impact": "ржачный текст с шрифтом Impact",
		"bruh": "брух момент",
		"all": "врубить всё",
		"default": "откиснуть всё"
	},
	"ENABLED": "АГА",
    "DISABLED": "НЕ",
    "TITLE": "Настройка PORN",
    "UPDATED": "список PORN для авто-гена успешно обновлён",
    "EMPTY_BITFIELD": "должен быть включен хотя бы один тип PORN."
}