{
	"HELP_DESC": "те отправит прикол на котором можно купить подписку",
	"TITLE": "платформы на которой можно купить письку (АХАХААХ смешно)",
	"FOOTER": "прочти",
	"TOGGLE": {
		"ERROR": {
			"NO_PREMIUM": "ты не особенный чудик крч! иди купи `%prefix%boost`",
			"ANOTHER_ACTIVATE": "лоол прикинь кто то активировал премиум тут раньше тебя!",
			"LIMIT": "извини пожалуйста но у бота есть такой прикол как лимит и тип ты не сможешь привязать премиум больше чем %limit% серверов",
			"UNKNOWN": "не удалось изменить статус"
		},
		"DISABLE": "бляяя свет в доме отключили пиздец, как и премиум для этого сервера.",
		"ENABLE": "ураааа премиум на этом сервере включен!!!"
	}
}