{
  "ERROR": "произошел троллинг..",
  "EXAMPLE": "пример использования",
  "CONSTANTS": {
    "int": "пук",
    "string": "отрыжка",
    "command": "пукалка",
    "channel": "прикол",
    "member": "чудик"
  },
  "errors": {
    "NOT_ENOUGH": "ща пойду в первый класс и потом сгенерю че неть!",
    "ON_GEN_COOLDOWN": "рАНО БЛЯТЬ (подожди ещё %time% секунд)",
    "ACCESS_ERROR": "не удалось разрешить SEX `#%name%`. возможн:\n* ты не можешь читать данный анал `#%name%`\n* в этом канале ща дрочат, поэтому те сюда - `#%name%` ",
    "FAILED_IMAGE": "не удалось сгенерировать ржаку.",
    "FAILED_MESSAGE": "не удалось ген сообщения (жалк)",
    "PREMIUM_ONLY": "эту команду могут юзать только чудики с особенной пукалкой!!",
    "FULL_DESC": "описание PROBLEM",
    "CORRECT_USAGE": "правильный юз пукалки: `%usage%`",
    "INSUFFICIENT_ARGS": "предоставлено недостаточно аргументов",
    "ON_COOLDOWN": "ПОДОЖДИ, ТЫ ЁПТА, БЛЯ! (%time% секунд)",
    "NO_PERMS": "LOOOL ну ты и нуб тебе нужно `%perms%` для использования этого прикола",
    "NO_PERMS_BOT": "дай мне `%perms%` чтобы YES!",
    "NO_PMS": "эммм нууу это команда не юзается в лс, понял тип????",
    "INVALID_RESOLVER_TYPE": "неверный тип PORN",
    "RESOLVER_TRY_AGAIN": "предоставлен неверный ответ. попробуйте подрочить еще раз.",
    "member": {
      "NOT_FOUND": "чудик не найден"
    },
    "channel": {
      "NOT_FOUND": "ржака не найдена"
    },
    "command": {
      "NOT_FOUND": "пукалка не найдена"
    },
    "string": {
      "NOT_STRING": "%arg% должен быть пуком",
      "MAX": "длина %arg% НЕ %max%",
      "MIN": "длина %arg% НЕ %min%",
      "ONE_OF": "%arg% АГА: %choices%"
    },
    "list": {
      "MAX": "%arg% не может содержать больше %max% прикол(ов)",
      "MIN": "%arg% не может содержать меньше %min% прикол(ов)",
      "MAX_LENGTH": "%arg% НЕ %maxLength%",
      "MIN_LENGTH": "%arg% НЕ %minLength%",
      "DUPES": "%arg% не может содержать одни и те же приколы (ну че ты бля, придумай че неть новое, хули..)"
    },
    "int": {
      "NOT_INT": "%arg% должен быть пуком",
      "MAX": "%arg% должно быть меньше или равно %max%",
      "MIN": "%arg% должно быть больше или равно %min%"
    }
  },
  "menus": {
    "EXIT": "напиши `%cancel%` для выхода из меню",
    "EXITED": "вы вышли из меню",
    "SELECTION": "два стула",
    "ERROR": "неизвестная ошибка. почему неизвестная то бля? ну ладно.",
    "INPUT": "Введите номер или `%cancel%` для отмены",
    "NEXT_PAGE": "давай дальш",
    "PREV_PAGE": "откат"
  },
  "collector": {
    "timeout": "ну и зач ты отходил дрочить??? теперь меню закрыто((",
    "max": "превышено %max% попыток",
    "maxMatches": "превышено %maxMatches% совпадений"
  }
}
