{
  "HELP_DESC": "ген демотиватор (нет блять мотиватора) ну а хули.",
  "USAGE_EXAMPLE_1": "бля буду создам демотиватор из говна и палок в этом канале!!! ",
  "USAGE_EXAMPLE_2": "закинусь снюсом и создам демотиватор с случайным изображением и сообщениями из канала `#general`",
  "USAGE_EXAMPLE_3": "уничтожу нахуй завод по производству паленого снюса и создам те демотиватор с изображением профиля чудика **andre** и сообщениями из канала `#general`",
  "USAGE_EXAMPLE_4": "разрешить SEX при помощи создания демотиватора с изображением и ссылки из этого канала"
}