{
  "HELP_DESC": "покажу свои умения крутые!",
  "DESCRIPTION": "описание",
  "NOT_FOUND": "втф найти не могу!",
  "GROUP": "группа крови",
  "ALIASES": "алисы",
  "USAGE": "использование",
  "CMD_LIST": "список моих пукалок!",
  "USAGE_EXAMPLE_1": "показать полный список пукалок",
  "USAGE_EXAMPLE_2": "показать более детальную инфу про пукалку **demotivator**"
}