{
  "HELP_DESC": "ген текста шрифтом импакт на случайной картинке",
  "USAGE_EXAMPLE_1": "создать ржаку мем прикол 2к13 с случайным изображением и сообщениями из этого канала",
  "USAGE_EXAMPLE_2": "создать мем с случайным приколом и говна из канала `#general`",
  "USAGE_EXAMPLE_3": "создать мем с изображением профиля чудика **andre** и сообщениями из анала `#general`",
  "USAGE_EXAMPLE_4": "создать смешнявку с изображением из ссылки и сообщениями из этого анала"
}
