{
	"HELP_DESC": "частота обновления ассортимента снюса",
	"PROMPT": "здесь могла быть ваша реклама. корчое напмши тут пж интервал для авто-гена ладно? че срать",
	"FIXED": "цифрчисло от %min% до %max% для стабиль пук (в сообщениях)",
	"RANDOM": "`random` для рандом пук",
	"DISABLE": "`off` для NOOOOOOOOOOOO",
    "DISABLED": "лооол а я отключил авто-ген АХАХА прикол да.",
    "SUCCESSFULL": "я те интервал установил прикинь!! - `%interval%`",
    "RANDOM_ENABLED": "случ пук для авто-гена успешно АГА",
    "RANDOM_ALREADY_ENABLED": "АХХАХАХАХХАХАХАХАХХА уже был включен рандом4ик"
}