{
  "HELP_DESC": "ген текста шрифтом LOBSTER на случайной ржаке",
  "USAGE_EXAMPLE_1": "создать прикол в одноклассниках с случайной ржакой и сообщениями из этого канала",
  "USAGE_EXAMPLE_2": "создать смешнявку с случайной ржакой и пуками из канала `#general`",
  "USAGE_EXAMPLE_3": "прикольчик с изображением профиля чудика и сообщениями из канала `#sex`",
  "USAGE_EXAMPLE_4": "ауе прикол мем ржака 2к14 овсянка сэр с изображением из ссылки и сообщениями из этого канала"
}
