{
  "HELP_DESC": "ген комикса про то как дед в коляску насрал (што)",
  "USAGE_EXAMPLE_1": "допустим я могу создать комикс из пуков этого канала, ну да я могу!!",
  "USAGE_EXAMPLE_2": "розыгрыш нового айфона в канале `#prikol`",
  "USAGE_EXAMPLE_3": "групповая мастурбация (4 части)",
  "USAGE_EXAMPLE_4": "одиночная мастурбация (1 часть) "
}