{
  "DESCRIPTION": "але ну как там с данными, которые я вложил в историю данного сервера? ну крч с этой командой владелец сервера сможет получить данные и только раз в 15 дней!!!",
  "COOLDOWN": "бляяя пиздец смогу ток отправить данные `%date%`",
  "EMAIL_PROVIDE": "предоставьте пукалку для получения данных о сервере.",
  "CONFIRM": "ты тип ну внатуре действительно хочешь отправить данные о сервере на **`%email%`**? ты ток сможешь получить данные только через %days% дней.\n\n ну напиши тогда *`yes`* если подтверждаешь свое действие или *`no`* для отказа.",
  "SENT": "мы сохранили запрос об отправке интимных фоток на `%email%`. скоро те придет письмо с фотками.",
  "REFUSED": "вы отказались от интимок"
}