{
  "HELP_DESC": "стата о проститутке (бля как же ебаца хочеца..)",
  "TITLE": "немного статы о пиздаблядине",
  "GENERATED": "сиськи (sexсия)",
  "EXECUTED": "жопа (sexсия)",
  "SAVED_IMAGES": "хуй (втф) - (sexсия)",
  "SAVED_MESSAGES": "вагина (sexсия)",
  "EXECUTED_MORE": "умения генчика!!!! (sexсия)",
  "BUGURT": "отрыжка",
  "DEMOTIVATOR": "демотиватор",
  "DIALOG": "пук (особенный)",
  "GENERATE": "пук (обыкновенный)",
  "JACQUE": "загадки жака фреско",
  "LOBSTER": "рак",
  "RAGE": "комикс",
  "AUTO_GENERATED": "ген автоматом"
}