{
	"HELP_DESC": "удалить бравл старс .",
	"PROMPT": "lool ты че РЕАЛЬНО хочешь удалеет все СООБЩЕНия?",
    "PROMPT_PATTERN": "ну ты и чубрик, хочешь удалить все высеры в которых есть твоё говн?",
    "PROMPT_FOOTER": "пиши `%confirm%` шоб ум вача сей, ну или `%cancel%` для NO SEX.",
    "WIPED": "ум вача сей.",
    "WIPED_PATTERN": "а пацанчики то реально откисли."
}