{
  "HELP_DESC": "Shows information about stored data",
  "MSG": "information about all stored messages for channel `%channel%`",
  "READING_ENABLED": "Reading messages **enabled**",
  "READING_DISABLED": "Reading messages **disabled**",
  "MESSAGES": "**%messages%** messages",
  "IMAGES": "**%images%** images",
  "AUTOGEN_INTERVAL": "**%interval%** messages before auto-generation",
  "AUTOGEN_DISABLED": "Auto-generation is **disabled**",
  "USAGE_EXAMPLE_1": "Get information about stored messages for this channel",
  "USAGE_EXAMPLE_2": "Get information about stored messages for `#shtpost` channel",
  "FAILED": "failed to fetch data about messages"
}