{
	"HELP_DESC": "Change interval of auto-generating of messages",
	"PROMPT": "Write interval of messages that you want to set for auto-generation in this channel. Allowed arguments:",
	"FIXED": "Number from %min% to %max% for fixed interval (in messages)",
	"RANDOM": "`random` for randomized interval",
	"DISABLE": "`off` for disabling auto-generation",
    "DISABLED": "successfully disabled auto-generation in this channel",
    "SUCCESSFULL": "interval of auto-generating messages in this channel successfuly changed to `%interval%`",
    "RANDOM_ENABLED": "randomized interval for auto-generation successfully enabled",
    "RANDOM_ALREADY_ENABLED": "randomized interval is already enabled for this channel"
}