{
	"HELP_DESC": "Смѣна типовъ для авто-генераціи (только для ​преміумъ​)",
	"TYPES": {
		"string": "Строка",
		"dialog": "Диалогъ",
		"bugurt": "Агрессивный монологъ",
		"rage": "Комиксъ",
		"demotivator": "Постеръ",
		"jacque": "Цитата Жака Фреско",
		"lobster": "Текст со шрифтомъ Lobster на случайномъ изображеніи",
		"impact": "Текст со шрифтомъ Impact на случайномъ изображеніи",
		"bruh": "Текстъ на бѣломъ фонѣ съ изображеніемъ снизу",
		"all": "Включить ​всѣ​ типы",
		"default": "Вернуть стандартный типъ"
	},
	"ENABLED": "Включено",
    "DISABLED": "Отключено",
    "TITLE": "Настройка видовъ авто-генераціи",
    "UPDATED": "списокъ видовъ авто-генераціи успѣшно обновленъ",
    "EMPTY_BITFIELD": "у Васъ долженъ быть включенъ хотя бы одинъ типъ генераціи."
}