{
  "HELP_DESC": "Отправляетъ ссылки на страницы, на которыхъ можно пріобрѣсти подписку",
  "TITLE": "Платформы, на которыхъ можно пріобрѣсти подписку",
  "FOOTER": "Прочтите информацію о ​преміумъ​-привилегіяхъ на страницахъ платформъ",
  "TOGGLE": {
    "ERROR": {
      "NO_PREMIUM": "у Васъ нѣтъ ​преміумъ​-подписки, Вы можете найти ссылки для покупки подписки съ помощью `%prefix% boost`",
      "ANOTHER_ACTIVATE": "​преміумъ​-привилегіи уже дѣйствуютъ на данномъ серверѣ благодаря другому пользователю",
      "LIMIT": "Вы не можете привязать къ своей подпискѣ больше ​чѣмъ​ %limit% серверовъ",
      "UNKNOWN": "не удалось измѣнить статусъ"
    },
    "DISABLE": "Вы успѣшно отключили ​преміумъ​-привилегіи для даннаго сервера",
    "ENABLE": "Вы успѣшно включили ​преміумъ​-привилегіи для даннаго сервера"
  }
}