{
  "ERROR": "произошла погрѣшность",
  "EXAMPLE": "Образецъ подачи приказа",
  "CONSTANTS": {
    "int": "число",
    "string": "строка",
    "command": "приказъ",
    "channel": "каналъ",
    "member": "участникъ"
  },
  "errors": {
    "NOT_ENOUGH": "недостаточно данныхъ для обученія.",
    "ON_GEN_COOLDOWN": "одинъ изъ приказовъ созданія уже былъ недавно выполненъ въ данномъ каналѣ, попробуйте снова черезъ %time% секундъ",
    "ACCESS_ERROR": "мнѣ не удалось получить доступъ къ каналу `#%name%`. Вѣроятно:\n* Вы не имѣете доступъ къ чтенію канала `#%name%`\n* данный каналъ имѣетъ отключенный статусъ NSFW, однако въ каналѣ `#%name%` онъ включенъ",
    "FAILED_IMAGE": "мнѣ не удалось создать изображеніе.",
    "FAILED_MESSAGE": "мнѣ не удалось создать сообщеніе.",
    "PREMIUM_ONLY": "Вы можете подать данный приказъ только на серверахъ съ премиумъ подпиской.",
    "FULL_DESC": "Описаніе проблемы",
    "CORRECT_USAGE": "Правильный способъ подачи приказа: `%usage%`",
    "INSUFFICIENT_ARGS": "предоставлено недостаточно параметровъ",
    "ON_COOLDOWN": "пожалуйста, подождите! (%time% секундъ)",
    "NO_PERMS": "Вамъ нужно право `%perms%`,чтобы дать данный приказа",
    "NO_PERMS_BOT": "мнѣ требуется право `%perms%` для выполненія даннаго приказа!",
    "NO_PMS": "я не могу выполнить данный приказъ въ личной перепискѣ",
    "INVALID_RESOLVER_TYPE": "Невѣрная форма параметра",
    "RESOLVER_TRY_AGAIN": "извините, но я не могу принять данный отвѣтъ. Попробуйте еще разъ",
    "member": {
      "NOT_FOUND": "я не нашелъ упомянутаго вами участника"
    },
    "channel": {
      "NOT_FOUND": "я не нашелъ упомянутый вами каналъ"
    },
    "command": {
      "NOT_FOUND": "я не нашелъ упомянутый вами приказъ"
    },
    "string": {
      "NOT_STRING": "%arg% должен быть строкой",
      "MAX": "Длина %arg% не может быть больше чем %max%",
      "MIN": "Длина %arg% не может быть меньше чем %min%",
      "ONE_OF": "%arg% должен быть одним из: %choices%"
    },
    "list": {
      "MAX": "%arg% не может содержать больше %max% пункт(ов)",
      "MIN": "%arg% не может содержать меньше %min% пункт(ов)",
      "MAX_LENGTH": "%arg% не может содержать пункты длинее %maxLength%",
      "MIN_LENGTH": "%arg% не может содрежать пункты короче %minLength%",
      "DUPES": "%arg% не может содержать одни и те же пункты"
    },
    "int": {
      "NOT_INT": "%arg% долженъ быть числомъ",
      "MAX": "%arg% должно быть меньше или равно %max%",
      "MIN": "%arg% должно быть больше или равно %min%"
    }
  },
  "menus": {
    "EXIT": "Напишите `%cancel%` для выхода изъ меню",
    "EXITED": "Вы вышли изъ меню",
    "SELECTION": "Меню выбора",
    "ERROR": "Произошла неизвѣстная погрѣшность",
    "INPUT": "Пожалуйста, введите номеръ либо `%cancel%` для отмѣны",
    "NEXT_PAGE": "Слѣдующая страница",
    "PREV_PAGE": "Предыдущая страница"
  },
  "collector": {
    "timeout": "меню было закрыто, такъ какъ вы не дали четкаго отвѣта",
    "max": "Вами было превышено %max% попытокъ",
    "maxMatches": "Вами было превышено %maxMatches% совпаденій"
  }
}