{
  "HELP_DESC": "Созданіе постера",
  "USAGE_EXAMPLE_1": "Создать постеръ со случайными сообщеніемъ и изображеніемъ изъ даннаго канала",
  "USAGE_EXAMPLE_2": "Создать постеръ со случайными изображеніемъ и сообщеніемъ изъ канала `#general`",
  "USAGE_EXAMPLE_3": "Создать постеръ съ изображеніемъ профиля **andre** и случайнымъ сообщеніемъ изъ канала `#general`",
  "USAGE_EXAMPLE_4": "Создать постеръ съ изображеніемъ, даннымъ ссылкой, и со случайным сообщеніемъ изъ даннаго канала"
}
