{
    "HELP_DESC": "Настройка фильтраціи сообщеній",
    "NOT_CONFIGURED": "Вы еще не настроили фильтрацію сообщеній въ данномъ каналѣ. Вы можете добавить фильтры съ помощью `%prefix%filter add`.",
    "LIST_OF_FILTERS": "списокъ фильтровъ для `%channel%`:",
    "TYPES": {
        "links": "Ссылки",
        "include": "Сообщенія, ​которыя​ *включаютъ въ себя* [текстъ]",
        "start": "Сообщенія, ​которыя​ *начинаются съ* [текста]",
        "end": "Сообщенія, ​которыя​ *заканчиваются* [текстомъ]",
        "regexp": "Сообщенія, ​которыя​ *удовлетворяютъ регулярному выраженію (js)*"
    },
    "FILTERS_LIMIT": "Вы не можете добавить болѣе %limit% фильтровъ.",
    "TYPE_TITLE": "Выборъ типа фильтра",
    "OPTION_PROMPT": "Предоставьте условіе фильтра ",
    "ALREADY_EXISTS": "похожій фильтръ уже установленъ для даннаго канала.",
    "INVALID_REGEXP": "невѣрное регулярное выраженіе.",
    "ADD_SUCCESS": "фильтръ успѣшно добавленъ.",
    "REMOVE_TITLE": "Удаленіе фильтра",
    "REMOVE_SUCCESS": "фильтръ успѣшно удаленъ.",
    "LIST_TIP": "Вы можете убрать фильтръ съ помощью `%prefix%filters [номеръ фильтра въ листѣ]`",
    "USAGE_HELP": "[[номеръ фильтра] | add [типъ] [условіе] | types]",
    "LIST_OF_TYPES": "списокъ типовъ фильтровъ:"
}