{
  "HELP_DESC": "Показываетъ списокъ доступныхъ приказовъ",
  "DESCRIPTION": "Описаніе",
  "NOT_FOUND": "Не найдено",
  "GROUP": "Группа",
  "ALIASES": "Альтернативное использованіе",
  "USAGE": "Использованіе",
  "CMD_LIST": "Списокъ доступныхъ приказовъ",
  "USAGE_EXAMPLE_1": "Показываетъ списокъ всехъ доступныхъ приказовъ",
  "USAGE_EXAMPLE_2": "Показываетъ подробную информацію про приказъ **demotivator**"
}