{
  "HELP_DESC": "Созданіе текста со шрифтомъ Impact на изображеніи",
  "USAGE_EXAMPLE_1": "Наложить случайный текстъ изъ даннаго канала со шрифтомъ Impact на случайное изображеніе изъ даннаго канала",
  "USAGE_EXAMPLE_2": "Наложить случайный текстъ изъ канала `#general` со шрифтомъ Impact на случайное изображеніе изъ этого же канала",
  "USAGE_EXAMPLE_3": "Наложить случайный текстъ изъ канала `#memez` со шрифтомъ Impact на изображеніе профиля **andre**",
  "USAGE_EXAMPLE_4": "Наложить случайный текстъ изъ даннаго канала со шрифтомъ Impact на изображеніе, данное ссылкой"
}