{
  "HELP_DESC": "Отображаетъ информацію о сохраненныхъ данныхъ",
  "MSG": "информація о сохраненныхъ сообщеніяхъ для канала `%channel%`",
  "READING_ENABLED": "Чтеніе сообщеній **включено**",
  "READING_DISABLED": "Чтеніе сообщеній **выключено**",
  "MESSAGES": "**%messages%** сообщеній",
  "IMAGES": "**%images%** изображеній",
  "AUTOGEN_INTERVAL": "**%interval%** сообщеній до авто-генераціи",
  "AUTOGEN_DISABLED": "Авто-генерація **отключена**",
  "USAGE_EXAMPLE_1": "Получить информацію о сохраненныхъ сообщеніяхъ даннаго канала",
  "USAGE_EXAMPLE_2": "Получить информацію о сохраненныхъ сообщеніяхъ канала `#shtpost`",
  "FAILED": "мнѣ не удалось предоставить данные о сообщеніяхъ"
}