{
	"HELP_DESC": "Смѣна интервала авто-генераціи сообщеній",
	"PROMPT": "Напишите интервалъ сообщеній, который вы желаете установить для авто-генераціи въ данномъ каналѣ.",
	"FIXED": "Число от %min% до %max% для определенного интервала (в сообщениях)",
	"RANDOM": "`random` для случайного интервала",
	"DISABLE": "`off` для отключения авто-генерации",
    "DISABLED": "авто-генерація успѣшно отключена въ данномъ каналѣ",
    "SUCCESSFULL": "интервалъ авто-генераціи сообщеній въ данномъ каналѣ успѣшно измѣненъ на `%interval%`",
    "RANDOM_ENABLED": "случайный интервалъ для авто-генераціи успѣшно включенъ",
    "RANDOM_ALREADY_ENABLED": "looool рандом пук уже 6ыл включен .. ..чел"
}