{
  "HELP_DESC": "Созданіе текста со шрифтомъ Lobster на изображеніи",
  "USAGE_EXAMPLE_1": "Наложить случайный текстъ изъ даннаго канала со шрифтомъ Lobster на случайное изображеніе изъ даннаго канала",
  "USAGE_EXAMPLE_2": "Наложить случайный текстъ изъ канала `#general` со шрифтомъ Lobster на случайное изображеніе изъ этого же канала",
  "USAGE_EXAMPLE_3": "Наложить случайный текстъ изъ канала `#shtpost` со шрифтомъ Lobster на изображеніе профиля **andre**",
  "USAGE_EXAMPLE_4": "Наложить случайный текстъ изъ даннаго канала со шрифтомъ Lobster на изображеніе, данное ссылкой"
} 
