{
  "HELP_DESC": "Созданіе комикса",
  "USAGE_EXAMPLE_1": "Создать комиксъ, используя ​случайныя​ сообщенія изъ даннаго канала",
  "USAGE_EXAMPLE_2": "Создать комиксъ, используя ​случайныя​ сообщенія изъ канала `#debate`",
  "USAGE_EXAMPLE_3": "Создать большой комиксъ (4 части)",
  "USAGE_EXAMPLE_4": "Создать небольшой комиксъ (1 часть)"
}