{
  "DESCRIPTION": "Запросъ на полученіе сохраненныхъ данныхъ о серверѣ. Только владѣлецъ сервера можетъ дать данный приказъ. Получить данные можно разъ въ 15 дней.",
  "COOLDOWN": "Вы можете снова получить данные только `%date%`",
  "EMAIL_PROVIDE": "предоставьте Вашу электронную почту для полученія данныхъ о серверѣ.",
  "CONFIRM": "Вы дѣйствительно желаете отправить данные о серверѣ на **`%email%`**? Вы сможете снова получить данные только черезъ %days% дней.\n\nНапишите *`yes`* для подтвержденія или *`no`* для отказа.",
  "SENT": "запросъ объ отправкѣ данныхъ на `%email%` сохраненъ. Скоро до Васъ дойдетъ письмо съ файломъ.",
  "REFUSED": "вы отказались отъ отправки данныхъ"
}