{
  "HELP_DESC": "Свѣдѣнія о GenAi",
  "TITLE": "Немного ​свѣдѣній​ о GenAi",
  "GENERATED": "Создано строкъ (сессія)",
  "EXECUTED": "Выполнено приказовъ (сессія)",
  "SAVED_IMAGES": "Сохранено изображеній (сессія)",
  "SAVED_MESSAGES": "Сохранено сообщеній (сессія)",
  "EXECUTED_MORE": "Выполнено приказовъ, детально (сессія)",
  "BUGURT": "Агрессивный монологъ",
  "DEMOTIVATOR": "Постеръ",
  "DIALOG": "Діалогъ",
  "GENERATE": "Строка",
  "JACQUE": "Жакъ Фреско",
  "LOBSTER": "Лобстеръ",
  "RAGE": "Комиксъ",
  "AUTO_GENERATED": "Автоматически создано"
}