{
	"HELP_DESC": "Очистить исторію сообщеній даннаго канала въ базѣ",
	"PROMPT": "Вы дѣйствительно хотите удалить ​всѣ​ ​сохраненныя​ сообщенія?",
    "PROMPT_PATTERN": "Вы дѣйствительно хотите удалить ​всѣ​ ​сохраненныя​ сообщенія, ​которыя​ содержатъ Вашъ текстъ?",
    "WIPED": "​всѣ​ ​сохраненныя​ сообщенія удалены.",
    "WIPED_PATTERN": "​всѣ​ ​сохраненныя​ сообщенія, ​которыя​ содержатъ предоставленный текстъ, удалены.",
    "PROMPT_FOOTER": "Напишите `%confirm%` чтобы удалить ихъ, или `%cancel%` для отмѣны."
}