{
    "HELP_DESC": "Настройка канала",
    "CONFIGURING_BY_ANOTHER": "данный каналъ уже настраивается другимъ пользователемъ.",
    "READ_ENABLE": "чтеніе для даннаго канала успѣшно включено.",
    "READ_SKIP": "данный каналъ уже читается, пропускаю.",
    "INTERVAL_PROMPT": "Какой интервалъ (въ сообщеніяхъ) авто-генераціи Вы желаете установить?\n\tНапишите \"random\", \"skip\" или число отъ %min% до %max%",
    "INTERVAL_RANDOM": "интервалъ авто-генераціи теперь случайный.",
    "INTERVAL_SKIP": "Вы выбрали пропускъ этапа, оставляю предыдущее значеніе.",
    "INTERVAL_SET": "интервалъ авто-генераціи успѣшно установленъ на %interval% сообщеній.",
    "MENTIONS_PROMPT": "Вы хотите отключить упоминанія въ создаваемыхъ сообщеніяхъ?\n\tНапишите %yes% или %no%",
    "MENTIONS_REMOVE": "упоминанія будутъ отключены.\n\t`Вы сможете настроить эту опцію въ будущемъ съ помощью %prefix%togglementions`",
    "MENTIONS_KEEP": "упоминанія будутъ работать въ сообщеніяхъ.\n\t`Вы сможете настроить эту опцію въ будущемъ съ помощью %prefix%togglementions`",
    "LINKS_PROMPT": "Вы хотите убирать ссылки изъ создаваемыхъ сообщеній?\n\tНапишите %yes% или %no%",
    "LINKS_REMOVE": "ссылки будутъ замѣняться.\n\t`Вы сможете настроить эту опцію въ будущемъ съ помощью %prefix%togglelinks`",
    "LINKS_KEEP": "ссылки не будутъ замѣняться.\n\t`Вы сможете настроить эту опцію въ будущемъ съ помощью %prefix%togglelinks`",
    "AUTOGEN_TIP": "Вы также можете настроить типы авто-генераціи съ помощью `%prefix%autogen`",
    "SUCCESS": "данный каналъ успѣшно настроенъ"
}