{
  "HELP_DESC": "Запись сообщенія въ базу для канала",
  "SUCCESS": "предоставленное Вами высказываніе было успѣшно записано въ базу и прикрѣплено къ данному каналу ",
  "FAIL": "не удалось сохранить высказываніе",
  "READ": "чтеніе сообщеній уже включено для даннаго канала, сохраненіе отмѣнено",
  "USAGE_EXAMPLE_1": "Добавить высказываніе \"hello\" въ исторію сообщеній даннаго канала"
}