{
	"HELP_DESC": "Смена типов для авто-генерации (только для премиум серверов)",
	"TYPES": {
		"string": "Строка",
		"dialog": "Диалог",
		"bugurt": "Бугурт",
		"rage": "Комикс",
		"demotivator": "Демотиватор",
		"jacque": "Цитата Жака Фреско",
		"lobster": "Текст на изображении с шрифтом Lobster",
		"impact": "Текст на изображении с шрифтом Impact",
		"bruh": "Текст на белом фоне с изображением снизу",
		"all": "Включить все типы",
		"default": "Вернуть стандартный тип"
	},
	"ENABLED": "Включено",
    "DISABLED": "Отключено",
    "TITLE": "Настройка типов",
    "UPDATED": "список типов для авто-генерации успешно обновлён",
    "EMPTY_BITFIELD": "должен быть включен хотя бы один тип генерации."
}