{
	"HELP_DESC": "Отправляет ссылки на страницы, на которых можно приобрести подписку",
	"TITLE": "Платформы, на которых можно приобрести подписку",
	"FOOTER": "Прочтите информацию о премиум привилегиях на страницах платформ",
	"TOGGLE": {
		"ERROR": {
			"NO_PREMIUM": "у Вас нет премиум подписки, Вы можете найти ссылки для покупки подписки в `%prefix% boost`",
			"ANOTHER_ACTIVATE": "премиум привилегии уже активированы для этого сервера другим пользователем",
			"LIMIT": "Вы не можете привязать к своей подписке больше %limit% серверов",
			"UNKNOWN": "не удалось изменить статус"
		},
		"DISABLE": "Вы успешно отключили премиум привилегии для этого сервера",
		"ENABLE": "Вы успешно включили премиум привилегии для этого сервера"
	}
}