{
  "ERROR": "произошла ошибка",
  "EXAMPLE": "Пример использования",
  "CONSTANTS": {
    "int": "число",
    "string": "строка",
    "command": "команда",
    "channel": "канал",
    "member": "участник"
  },
  "errors": {
    "NOT_ENOUGH": "недостаточно данных для обучения.",
    "ON_GEN_COOLDOWN": "одна из команд генерации уже была недавно запущена в этом канале, попробуйте снова через %time% секунд",
    "ACCESS_ERROR": "не удалось получить доступ к каналу `#%name%`. Возможно:\n* Вы не имеете доступ к чтению канала `#%name%`\n* этот канал имеет отключенный статус NSFW, но в канале `#%name%` он включен",
    "FAILED_IMAGE": "не удалось сгенерировать изображение.",
    "FAILED_MESSAGE": "не удалось сгенерировать сообщение.",
    "PREMIUM_ONLY": "Вы можете использовать эту команду только на серверах с премиум подпиской.",
    "FULL_DESC": "Описание проблемы",
    "CORRECT_USAGE": "Правильное использование команды: `%usage%`",
    "INSUFFICIENT_ARGS": "предоставлено недостаточно аргументов",
    "ON_COOLDOWN": "пожалуйста, подождите! (%time% секунд)",
    "NO_PERMS": "тебе нужно право `%perms%` для использования этой команды",
    "NO_PERMS_BOT": "мне нужно право `%perms%` для запуска этой команды!",
    "NO_PMS": "эта команда не используется в ЛС",
    "INVALID_RESOLVER_TYPE": "Неверный тип аргумента",
    "RESOLVER_TRY_AGAIN": "предоставлен неверный ответ. Попробуйте ещё раз",
    "member": {
      "NOT_FOUND": "участник не найден"
    },
    "channel": {
      "NOT_FOUND": "канал не найден"
    },
    "command": {
      "NOT_FOUND": "команда не найдена"
    },
    "string": {
      "NOT_STRING": "%arg% должен быть строкой",
      "MAX": "Длина %arg% не может быть больше чем %max%",
      "MIN": "Длина %arg% не может быть меньше чем %min%",
      "ONE_OF": "%arg% должен быть одним из: %choices%"
    },
    "list": {
      "MAX": "%arg% не может содержать больше %max% пункт(ов)",
      "MIN": "%arg% не может содержать меньше %min% пункт(ов)",
      "MAX_LENGTH": "%arg% не может содержать пункты длинее %maxLength%",
      "MIN_LENGTH": "%arg% не может содержать пункты короче %minLength%",
      "DUPES": "%arg% не может содержать одни и те же пункты"
    },
    "int": {
      "NOT_INT": "%arg% должен быть числом",
      "MAX": "%arg% должно быть меньше или равно %max%",
      "MIN": "%arg% должно быть больше или равно %min%"
    }
  },
  "menus": {
    "EXIT": "Напишите `%cancel%` для выхода из меню",
    "EXITED": "вы вышли из меню",
    "SELECTION": "Меню выбора",
    "ERROR": "Неизвестная ошибка",
    "INPUT": "Введите номер или `%cancel%` для отмены",
    "NEXT_PAGE": "Следующая страница",
    "PREV_PAGE": "Предыдущая страница"
  },
  "collector": {
    "timeout": "меню было закрыто из-за неактивности",
    "max": "превышено %max% попыток",
    "maxMatches": "превышено %maxMatches% совпадений"
  }
}
