{
  "HELP_DESC": "Генерация демотиватора",
  "USAGE_EXAMPLE_1": "Создать демотиватор с случайным изображением и сообщениями из этого канала",
  "USAGE_EXAMPLE_2": "Создать демотиватор с случайным изображением и сообщениями из канала `#general`",
  "USAGE_EXAMPLE_3": "Создать демотиватор с изображением профиля **andre** и сообщениями из канала `#general`",
  "USAGE_EXAMPLE_4": "Создать демотиватор с изображением из ссылки и сообщениями из этого канала"
}