{
	"HELP_DESC": "Настройка фильтрации сообщений",
	"NOT_CONFIGURED": "Вы ещё не настроили фильтрацию сообщений в этом канале. Вы можете добавить фильтры с помощью `%prefix%filter add`.",
	"LIST_OF_FILTERS": "список фильтров для `%channel%`:",
	"TYPES": {
		"links": "Ссылки",
		"include": "Сообщения, которые *включают в себя* [текст]",
		"start": "Сообщения, которые *начинаются с* [текста]",
		"end": "Сообщения, которые *заканчиваются* [текстом]",
		"regexp": "Сообщения, которые *удовлетворяют регулярному выражению (js)*"
	},
	"FILTERS_LIMIT": "Вы не можете добавить больше чем %limit% фильтров.",
	"TYPE_TITLE": "Выбор типа фильтра",
	"OPTION_PROMPT": "Напишите условие фильтра",
	"ALREADY_EXISTS": "похожий фильтр уже установлен для этого канала.",
	"INVALID_REGEXP": "неверное регулярное выражение.",
	"ADD_SUCCESS": "фильтр успешно добавлен.",
	"REMOVE_TITLE": "Удаление фильтра",
	"REMOVE_SUCCESS": "фильтр успешно удален.",
	"LIST_TIP": "Вы можете убрать фильтр с помощью `%prefix%filters [номер фильтра в листе]`",
	"USAGE_HELP": "[[номер фильтра] | add [тип] [условие] | types]",
	"LIST_OF_TYPES": "список типов фильтров:"
}