{
  "HELP_DESC": "Генерация текста шрифтом Impact на случайном изображении",
  "USAGE_EXAMPLE_1": "Создать мем с случайным изображением и сообщениями из этого канала",
  "USAGE_EXAMPLE_2": "Создать мем с случайным изображением и сообщениями из канала `#general`",
  "USAGE_EXAMPLE_3": "Создать мем с изображением профиля **andre** и сообщениями из канала `#general`",
  "USAGE_EXAMPLE_4": "Создать мем с изображением из ссылки и сообщениями из этого канала"
}
