{
  "HELP_DESC": "Показывает информацию о сохраненных сообщениях",
  "MSG": "информация о сохраненных сообщениях для канала `%channel%`",
  "READING_ENABLED": "Чтение сообщений **включено**",
  "READING_DISABLED": "Чтение сообщений **выключено**",
  "MESSAGES": "**%messages%** сообщений",
  "IMAGES": "**%images%** изображений",
  "AUTOGEN_INTERVAL": "**%interval%** сообщений до авто-генерации",
  "AUTOGEN_DISABLED": "Авто-генерация **отключена**",
  "USAGE_EXAMPLE_1": "Получить информацию о сохраненных сообщениях из этого канала",
  "USAGE_EXAMPLE_2": "Получить информацию о сохраненных сообщениях из канала `#shtpost`",
  "FAILED": "не удалось получить информацию о сообщениях"
}