{
	"HELP_DESC": "Смена интервала авто-генерации сообщений",
	"PROMPT": "Напишите интервал сообщений, который вы хотите установить для авто-генерации в этом канале. Доступные аргументы:",
	"FIXED": "Число от %min% до %max% для определенного интервала (в сообщениях)",
	"RANDOM": "`random` для случайного интервала",
	"DISABLE": "`off` для отключения авто-генерации",
	"DISABLED": "авто-генерация успешно отключена в этом канале",
	"SUCCESSFULL": "интервал авто-генерации сообщений в этом канале успешно изменен на `%interval%`",
	"RANDOM_ENABLED": "случайный интервал для авто-генерации успешно включен",
	"RANDOM_ALREADY_ENABLED": "случайный интервал уже был включен"
}