{
  "DESCRIPTION": "Запрос получения сохраненных данных о сервере. Только владелец сервера может запустить команду. Получить данные можно раз в 15 дней.",
  "COOLDOWN": "вы можете снова получить данные только `%date%`",
  "EMAIL_PROVIDE": "предоставьте электронную почту для получения данных о сервере.",
  "CONFIRM": "Вы действительно хотите отправить данные о сервере на **`%email%`**? Вы снова сможете получить данные только через %days% дней.\n\nНапишите *`yes`* для подтверждения или *`no`* для отказа.",
  "SENT": "мы сохранили запрос об отправке данных на `%email%`. Скоро вам придет письмо с файлом.",
  "REFUSED": "вы отказались от отправки данных"
}