{
  "HELP_DESC": "Статистика о GenAi",
  "TITLE": "Немного статистики о GenAi",
  "GENERATED": "Сгенерировано строк (сессия)",
  "EXECUTED": "Запущено команд (сессия)",
  "SAVED_IMAGES": "Сохраненно изображений (сессия)",
  "SAVED_MESSAGES": "Сохраненно сообщений (сессия)",
  "EXECUTED_MORE": "Запущено команд, детально (сессия)",
  "BUGURT": "Бугурт",
  "DEMOTIVATOR": "Демотиватор",
  "DIALOG": "Диалог",
  "GENERATE": "Строка",
  "JACQUE": "Жак Фреско",
  "LOBSTER": "Лобстер",
  "RAGE": "Комикс",
  "AUTO_GENERATED": "Автоматически сгенерировано"
}