{
	"HELP_DESC": "Очистка истории сообщений канала в базе",
	"PROMPT": "Вы действительно хотите удалить все сохраненные сообщения?",
    "PROMPT_PATTERN": "Вы действительно хотите удалить все сохраненные сообщения, которые содержат Ваш текст?",
    "PROMPT_FOOTER": "Напишите `%confirm%` чтобы удалить их, или `%cancel%` для отмены.",
    "WIPED": "все сохраненные сообщения удалены.",
    "WIPED_PATTERN": "все сохраненные сообщения, которые содержат предоставленный текст, удалены."
}