{
	"HELP_DESC": "Настройка канала",
	"CONFIGURING_BY_ANOTHER": "этот канал уже настраивается другим пользователем.",
	"READ_ENABLE": "чтения для этого канала успешно включено.",
	"READ_SKIP": "этот канал уже читается, пропускаем.",
	"INTERVAL_PROMPT": "Какой интервал (в сообщениях) авто-генерации Вы хотите установить?\n\tНапишите \"random\", \"skip\" или число от %min% до %max%",
	"INTERVAL_RANDOM": "интервал авто-генерации теперь случайный.",
	"INTERVAL_SKIP": "Вы выбрали пропуск этапа, оставляем предыдущее значение.",
	"INTERVAL_SET": "интервал авто-генерации успешно установлен на %interval% сообщений.",
	"MENTIONS_PROMPT": "Вы хотите отключить упоминания в генерируемых сообщениях?\n\tНапишите %yes% или %no%",
	"MENTIONS_REMOVE": "упоминания будут отключены.\n\t`Вы сможете настроить эту опцию в будущем с помощью %prefix%togglementions`",
	"MENTIONS_KEEP": "упоминания будут работать в сообщениях.\n\t`Вы сможете настроить эту опцию в будущем с помощью %prefix%togglementions`",
	"LINKS_PROMPT": "Вы хотите убирать ссылки в генерируемых сообщениях?\n\tНапишите %yes% или %no%",
	"LINKS_REMOVE": "ссылки будут заменяться.\n\t`Вы сможете настроить эту опцию в будущем с помощью %prefix%togglelinks`",
	"LINKS_KEEP": "ссылки не будут заменяться.\n\t`Вы сможете настроить эту опцию в будущем с помощью %prefix%togglelinks`",
	"AUTOGEN_TIP": "Вы также можете настроить типы авто-генерации с помощью `%prefix%autogen`",
	"SUCCESS": "этот канал успешно настроен"
}