{
  "HELP_DESC": "Запись строки в базу для канала",
  "SUCCESS": "предоставленное сообщение успешно сохранено в базе и прикреплено к этому каналу",
  "FAIL": "не удалось сохранить сообщение",
  "READ": "чтение сообщений уже включено для этого канала, сохранение отменено",
  "USAGE_EXAMPLE_1": "Добавить сообщение \"hello\" в историю сообщений этого канала"
}